{
    "f1_value": 0.45652173913043476,
    "threshold": 0.25252525252525254
}