{
    "f1_value": 0.4727272727272727,
    "threshold": 0.250501002004008
}